{"schemaVersion":"1.0","appDefinitionTemplate":{"id":"/providers/Microsoft.PowerApps/apps/","type":"Microsoft.PowerApps/apps","tags":{"primaryDeviceWidth":"640","primaryDeviceHeight":"1136","sienaVersion":"20200912T060207Z-3.20085.19.0","deviceCapabilities":"","supportsPortrait":"true","supportsLandscape":"false","primaryFormFactor":"Phone","publisherVersion":"3.20085.19","minimumRequiredApiVersion":"2.2.0","hasComponent":"false","hasUnlockedComponent":"false","isUnifiedRootApp":"false"},"properties":{"appVersion":"2020-09-12T06:02:07Z","lifeCycleId":"Published","createdByClientVersion":{"major":3,"minor":20085,"build":19,"revision":0,"majorRevision":0,"minorRevision":0},"minClientVersion":{"major":3,"minor":20085,"build":19,"revision":0,"majorRevision":0,"minorRevision":0},"backgroundColor":"rgba(0, 176, 240, 1)","backgroundImageUri":"/10071134654525485671/N835f102a-e279-4b2b-ba87-bdc93ff4ffb4-logoSmallFile","displayName":"MSA_Dementia","description":"","commitMessage":"","appUris":{"documentUri":{"value":"/10071134654525485671/Nf8410539-b6a2-4f05-98aa-fd0a5965d0ea-document.msapp","readonlyValue":"/10071134654525485671/Nf8410539-b6a2-4f05-98aa-fd0a5965d0ea-document.msapp"},"imageUris":[]},"createdTime":"0001-01-01T00:00:00Z","lastModifiedTime":"0001-01-01T00:00:00Z","sharedGroupsCount":0,"sharedUsersCount":0,"icons":{"smallIconUri":"/10071134654525485671/N3cedba28-1dae-4a6f-a3e1-eb092e2fa081-small.png","mediumIconUri":"/10071134654525485671/N2c9543e0-a5c5-4583-b4bd-47e11c739606-medium.png","largeIconUri":"/10071134654525485671/N2e35bc11-0de3-434b-9985-b8e5c4b56ae6-large.png","wideIconUri":"/10071134654525485671/N46884433-65f1-4b1a-ae12-9017b4af1a8b-wide.png"},"connectionReferences":{"ae39a592-3979-4517-9756-cc16227e6681":{"id":"381c16d0-9e55-402d-ab09-4929f0230b72","displayName":"Excel","iconUri":"https://connectoricons-prod.azureedge.net/excel/icon_1.0.1352.2014.png","dataSources":["Routine"],"dependencies":["06328b28-9152-47eb-9883-ca86d7738d7d"],"dependents":[],"parameterHints":{"06328b28-9152-47eb-9883-ca86d7738d7d":{"value":"fileSource"}},"isOnPremiseConnection":false,"dataSets":{"b!R2pXkJHSj0GZs843kuffmPiIDVx6nqZAkm1Hp45WamubAu2iiBSOS6vTCpp5_LN7.01BWUSWMTRLGAP7ASFONBKKCEHQ4HTNGOM":{"dataSources":{"Routine":{"tableName":"Routine"}}}},"apiTier":"Standard","isCustomApiConnection":false},"06328b28-9152-47eb-9883-ca86d7738d7d":{"id":"024ca24e-e939-44d4-91c6-f36379985446","displayName":"OneDrive for Business","iconUri":"https://connectoricons-prod.azureedge.net/onedriveforbusiness/icon_1.0.1341.1987.png","dataSources":[],"dependencies":[],"dependents":["ae39a592-3979-4517-9756-cc16227e6681"],"parameterHints":{},"isOnPremiseConnection":false,"dataSets":{},"apiTier":"Standard","isCustomApiConnection":false}},"databaseReferences":{},"almMode":"Environment","performanceOptimizationEnabled":true,"canConsumeAppPass":true},"isAppComponentLibrary":false,"appType":"ClassicCanvasApp","appComponents":[]}}